x0,y0,z0,v0,x1,y1,z1,v1,x2,y2,z2,v2,x3,y3,z3,v3,x4,y4,z4,v4,x5,y5,z5,v5,x6,y6,z6,v6,x7,y7,z7,v7,x8,y8,z8,v8,x9,y9,z9,v9,x10,y10,z10,v10,x11,y11,z11,v11,x12,y12,z12,v12,x13,y13,z13,v13,x14,y14,z14,v14,x15,y15,z15,v15,x16,y16,z16,v16,x17,y17,z17,v17,x18,y18,z18,v18,x19,y19,z19,v19,x20,y20,z20,v20,x21,y21,z21,v21,x22,y22,z22,v22,x23,y23,z23,v23,x24,y24,z24,v24,x25,y25,z25,v25,x26,y26,z26,v26,x27,y27,z27,v27,x28,y28,z28,v28,x29,y29,z29,v29,x30,y30,z30,v30,x31,y31,z31,v31,x32,y32,z32,v32
0.03811265900731087,-0.5282812118530273,-0.31982421875,0.983020007610321,0.05785069987177849,-0.5512101054191589,-0.31298828125,0.9685006141662598,0.059802811592817307,-0.5502315163612366,-0.30322265625,0.9667260646820068,0.05690566450357437,-0.5521876215934753,-0.304931640625,0.973036527633667,0.03686974197626114,-0.5658801794052124,-0.328125,0.981979250907898,0.038787808269262314,-0.5614836812019348,-0.34326171875,0.9864678382873535,0.03911492973566055,-0.5531825423240662,-0.32373046875,0.988711953163147,0.11439923942089081,-0.550663411617279,-0.1993408203125,0.9854404330253601,-0.026250896975398064,-0.5263945460319519,-0.21435546875,0.9848109483718872,0.07182548940181732,-0.5194573402404785,-0.26611328125,0.9632996320724487,0.03395497053861618,-0.49166440963745117,-0.296142578125,0.9701834917068481,0.18585024774074554,-0.41191768646240234,-0.051422119140625,0.9003546833992004,-0.11004604399204254,-0.4732584059238434,-0.03570556640625,0.8718026280403137,0.2376343011856079,-0.31909072399139404,-0.11065673828125,0.14438997209072113,-0.15627044439315796,-0.21671420335769653,-0.075439453125,0.06210312619805336,0.18726491928100586,-0.36333221197128296,-0.1610107421875,0.053304679691791534,-0.08126798272132874,-0.2072373479604721,-0.1903076171875,0.01358439214527607,0.16398151218891144,-0.39436212182044983,-0.1829833984375,0.10502681136131287,-0.03394509106874466,-0.22720803320407867,-0.2320556640625,0.03167862445116043,0.1444835662841797,-0.4266088306903839,-0.1737060546875,0.1388116478919983,-0.004262479487806559,-0.3015182316303253,-0.23974609375,0.04586266353726387,0.18055257201194763,-0.3648039698600769,-0.163818359375,0.10932482779026031,-0.0653669610619545,-0.23810473084449768,-0.1981201171875,0.0383940152823925,0.0901387631893158,0.009889223612844944,0.042205810546875,0.013121271505951881,-0.0864671841263771,-0.01905597187578678,-0.04205322265625,0.014672035351395607,0.029418015852570534,0.2077941596508026,-0.0280303955078125,0.003311519045382738,-0.05943915247917175,0.020721105858683586,-0.1654052734375,0.015072628855705261,0.03715120255947113,0.49149370193481445,0.1632080078125,0.0025114635936915874,-0.1445925235748291,0.41391342878341675,0.0228729248046875,0.01379536371678114,0.016726259142160416,0.514665961265564,0.1953125,0.005199880339205265,-0.15048113465309143,0.44222766160964966,0.00969696044921875,0.012194132432341576,-0.014436708763241768,0.5190283060073853,0.1466064453125,0.004982269834727049,-0.13181118667125702,0.4488387405872345,-0.062255859375,0.014392335899174213
0.025590281933546066,-0.5293346047401428,-0.3433953821659088,0.9846497774124146,0.04646580293774605,-0.5533941984176636,-0.33444342017173767,0.9715138673782349,0.04911070317029953,-0.552699863910675,-0.32187265157699585,0.9698936939239502,0.04563333839178085,-0.5536466240882874,-0.326621413230896,0.9755967259407043,0.019089985638856888,-0.5654717683792114,-0.3458448350429535,0.9837039709091187,0.021985284984111786,-0.563075840473175,-0.3582090735435486,0.9877569079399109,0.022101931273937225,-0.5523077249526978,-0.34075456857681274,0.9897879958152771,0.11864608526229858,-0.551245927810669,-0.2059052288532257,0.9867817163467407,-0.05172759294509888,-0.5287864804267883,-0.21410398185253143,0.986214280128479,0.06627217680215836,-0.5212342739105225,-0.2842978835105896,0.9668135643005371,0.018518580123782158,-0.49312925338745117,-0.3101727366447449,0.9730491042137146,0.19619832932949066,-0.39959701895713806,-0.06010819226503372,0.9100164175033569,-0.12775078415870667,-0.47476673126220703,-0.0329383946955204,0.8842644095420837,0.25263187289237976,-0.23816587030887604,-0.10414596647024155,0.13975889980793,-0.20084622502326965,-0.21872618794441223,-0.06475237011909485,0.07272376120090485,0.2392784208059311,-0.06859556585550308,-0.10583110898733139,0.048605646938085556,-0.2493080049753189,-0.045182764530181885,-0.1365770697593689,0.01347392238676548,0.23896770179271698,-0.03596894070506096,-0.11207149922847748,0.09556899219751358,-0.2298152595758438,-0.012830131687223911,-0.16041646897792816,0.030119849368929863,0.20337937772274017,-0.04549337923526764,-0.11441737413406372,0.12646111845970154,-0.19696351885795593,-0.042822934687137604,-0.18287506699562073,0.04374208301305771,0.22703629732131958,-0.04900563135743141,-0.11020853370428085,0.09986520558595657,-0.23535187542438507,-0.04818529263138771,-0.1527072638273239,0.036865539848804474,0.09976525604724884,0.012026061303913593,0.03263475000858307,0.01272524707019329,-0.09575362503528595,-0.01927582360804081,-0.033049970865249634,0.014482018537819386,0.04806056246161461,0.3884100615978241,-0.03755980730056763,0.0030693637672811747,-0.057709068059921265,0.3139355778694153,-0.11432959884405136,0.013888871297240257,0.060527656227350235,0.7118618488311768,0.1352616399526596,0.002324185101315379,-0.15147604048252106,0.6779064536094666,0.07408430427312851,0.012641011737287045,0.04015650972723961,0.7426462173461914,0.15866295993328094,0.00477994279935956,-0.15330001711845398,0.7096260190010071,0.05478643625974655,0.01114021148532629,0.0192339476197958,0.7270037531852722,0.08786186575889587,0.0045575471594929695,-0.14432887732982635,0.7363828420639038,-0.02684762515127659,0.013134830631315708
0.02594536542892456,-0.5334873199462891,-0.33523139357566833,0.9860583543777466,0.04644656926393509,-0.5562440156936646,-0.32579514384269714,0.9741093516349792,0.04916008934378624,-0.5562530159950256,-0.31332409381866455,0.9726231694221497,0.04563874378800392,-0.5567302107810974,-0.3177741467952728,0.977806568145752,0.02023545652627945,-0.5689107179641724,-0.3378741145133972,0.9851891994476318,0.022992895916104317,-0.5665693879127502,-0.34969985485076904,0.9888595938682556,0.02295088581740856,-0.555651068687439,-0.332343190908432,0.9907055497169495,0.1171511635184288,-0.5512624979019165,-0.19845499098300934,0.9879347681999207,-0.051540736109018326,-0.5318973064422607,-0.20860989391803741,0.9873787760734558,0.06624740362167358,-0.5245956182479858,-0.2763465940952301,0.9698454737663269,0.018632497638463974,-0.49687260389328003,-0.3026394248008728,0.9755233526229858,0.19104920327663422,-0.39986351132392883,-0.05477951094508171,0.9185318350791931,-0.12914521992206573,-0.4758140444755554,-0.023613298311829567,0.8951118588447571,0.253249853849411,-0.2387082427740097,-0.07497774809598923,0.13359083235263824,-0.20815585553646088,-0.21911920607089996,-0.03862392529845238,0.0791814774274826,0.2368740290403366,-0.07441408932209015,-0.04354146122932434,0.044202469289302826,-0.2530795633792877,-0.04375646263360977,-0.08584638684988022,0.012917259708046913,0.23415344953536987,-0.04507262259721756,-0.04476248845458031,0.08674953132867813,-0.23091818392276764,-0.01221622433513403,-0.10573262721300125,0.028097670525312424,0.19898061454296112,-0.05475795269012451,-0.04606247320771217,0.1148761510848999,-0.19914956390857697,-0.041963037103414536,-0.1262015998363495,0.040880948305130005,0.22488297522068024,-0.05593191459774971,-0.047790005803108215,0.09090354293584824,-0.23960493505001068,-0.04722149670124054,-0.10072662681341171,0.034674692898988724,0.09992853552103043,0.011992467567324638,0.030437171459197998,0.01228108536452055,-0.0958862230181694,-0.01915399730205536,-0.03101951628923416,0.014042948372662067,0.04716287925839424,0.3880351781845093,-0.061014577746391296,0.002872730139642954,-0.0580807626247406,0.3171765208244324,-0.1235300824046135,0.012765210121870041,0.05956912785768509,0.7109100818634033,0.07753261923789978,0.0021676025353372097,-0.15045315027236938,0.6771345138549805,0.0689995288848877,0.011534836143255234,0.039191778749227524,0.7417333126068115,0.0969056561589241,0.004406795371323824,-0.15271209180355072,0.7081011533737183,0.050931669771671295,0.010176895186305046,0.01587395742535591,0.7263543605804443,0.02271672897040844,0.004180955234915018,-0.14743287861347198,0.7332672476768494,-0.02674032188951969,0.011948780156672001
0.025906965136528015,-0.5334445238113403,-0.3361155390739441,0.9873430728912354,0.04609506204724312,-0.5563076138496399,-0.32738804817199707,0.9764835238456726,0.04884808138012886,-0.5563024878501892,-0.3146500289440155,0.9751266837120056,0.04533794894814491,-0.5567553639411926,-0.3191708028316498,0.9798347353935242,0.02021055482327938,-0.5688834190368652,-0.3394874334335327,0.9865458011627197,0.022972550243139267,-0.5665619969367981,-0.3513287901878357,0.989870011806488,0.02291864901781082,-0.5556149482727051,-0.3339952826499939,0.9915480613708496,0.11498294770717621,-0.5509647130966187,-0.20203131437301636,0.9890087842941284,-0.051677826792001724,-0.531848132610321,-0.21315786242485046,0.9884681701660156,0.06582128256559372,-0.5245956778526306,-0.2778187096118927,0.9726366400718689,0.018570592626929283,-0.49686992168426514,-0.30436456203460693,0.977794885635376,0.18892094492912292,-0.3977297842502594,-0.06212657317519188,0.9263626337051392,-0.13128502666950226,-0.47570955753326416,-0.026128502562642097,0.9050298929214478,0.251834511756897,-0.22837746143341064,-0.07952012866735458,0.12848667800426483,-0.21014268696308136,-0.21642336249351501,-0.040450338274240494,0.0823681578040123,0.22804458439350128,-0.056442517787218094,-0.05184594914317131,0.040179844945669174,-0.2546096742153168,-0.03731973469257355,-0.09044454246759415,0.012203026562929153,0.2238388955593109,-0.02558720111846924,-0.05306828394532204,0.07873611897230148,-0.23210453987121582,-0.00710811372846365,-0.11036386340856552,0.02608170360326767,0.18748578429222107,-0.03577486425638199,-0.05368868261575699,0.10434078425168991,-0.20146900415420532,-0.03751283884048462,-0.13105744123458862,0.03801698237657547,0.21561464667320251,-0.03836333379149437,-0.05562850087881088,0.08273284137248993,-0.2415870726108551,-0.041790783405303955,-0.10563693940639496,0.032417263835668564,0.09981973469257355,0.012037296779453754,0.029042936861515045,0.011796154081821442,-0.09570594877004623,-0.019151633605360985,-0.029801281169056892,0.013523388653993607,0.04728057235479355,0.3876893222332001,-0.06522847712039948,0.0026911254972219467,-0.05657261610031128,0.3195114731788635,-0.12668773531913757,0.01173498947173357,0.05845929682254791,0.7091874480247498,0.07528838515281677,0.002024060348048806,-0.14790073037147522,0.6762157082557678,0.06677816808223724,0.01053383108228445,0.03793902322649956,0.7394174337387085,0.09518055617809296,0.004080807324498892,-0.15000513195991516,0.7064713835716248,0.04876605048775673,0.009308739565312862,0.012905767187476158,0.7232804894447327,0.021544476971030235,0.003840492805466056,-0.14593800902366638,0.7311807870864868,-0.027815140783786774,0.010880344547331333
0.025924155488610268,-0.5336269736289978,-0.33619004487991333,0.9884997606277466,0.04595775157213211,-0.5565609931945801,-0.3275461792945862,0.9786168932914734,0.04873407632112503,-0.5565321445465088,-0.31477317214012146,0.9773771166801453,0.04520265385508537,-0.5569322109222412,-0.3193609416484833,0.981657087802887,0.020205644890666008,-0.5689813494682312,-0.3396126925945282,0.9877657294273376,0.02297080308198929,-0.5666818022727966,-0.3514813184738159,0.9907793998718262,0.02291128970682621,-0.555700421333313,-0.3341463506221771,0.9923063516616821,0.11414206027984619,-0.5508972406387329,-0.202127605676651,0.9899738430976868,-0.051777664572000504,-0.531815767288208,-0.21337296068668365,0.989448606967926,0.06574761122465134,-0.5248351693153381,-0.27796855568885803,0.9751572608947754,0.01855381950736046,-0.4969954192638397,-0.30453693866729736,0.9798460006713867,0.18859250843524933,-0.3971192538738251,-0.06247762218117714,0.9334115982055664,-0.1324426531791687,-0.47568613290786743,-0.02626918815076351,0.913982093334198,0.2519652545452118,-0.22671566903591156,-0.08089786022901535,0.12419364601373672,-0.21214722096920013,-0.21598516404628754,-0.041225261986255646,0.08617522567510605,0.22752909362316132,-0.05431205406785011,-0.052542492747306824,0.036570459604263306,-0.2555968761444092,-0.03655841201543808,-0.09146002680063248,0.011624040082097054,0.22300273180007935,-0.02319503203034401,-0.05336390808224678,0.07153700292110443,-0.23284350335597992,-0.006516184192150831,-0.1115986555814743,0.02434467151761055,0.1864311546087265,-0.03401903808116913,-0.05353230983018875,0.094873808324337,-0.2021642029285431,-0.03722568228840828,-0.13230715692043304,0.03555810824036598,0.2148413509130478,-0.03632025420665741,-0.05589873716235161,0.07538995146751404,-0.2425660640001297,-0.04119733348488808,-0.10671888291835785,0.03048766404390335,0.09984833002090454,0.012080485001206398,0.028724707663059235,0.01133701577782631,-0.09571775048971176,-0.019156087189912796,-0.02952999249100685,0.013045568019151688,0.04703204706311226,0.3874870836734772,-0.06445425003767014,0.0025327468756586313,-0.05662109702825546,0.3198012113571167,-0.1279158741235733,0.010850448161363602,0.05742277204990387,0.7085110545158386,0.07785161584615707,0.0018977868603542447,-0.1474112719297409,0.6740827560424805,0.06464607268571854,0.009657974354922771,0.03676092252135277,0.7387823462486267,0.09803158789873123,0.003789222100749612,-0.14935962855815887,0.7044475674629211,0.046533867716789246,0.00854465365409851,0.011205969378352165,0.7215569615364075,0.02395947277545929,0.0035356064327061176,-0.1458749622106552,0.7277843356132507,-0.029255865141749382,0.009935563430190086
0.025766894221305847,-0.5337517857551575,-0.33517709374427795,0.9895469546318054,0.04543769359588623,-0.556738555431366,-0.32678645849227905,0.9805509448051453,0.04826058819890022,-0.556693434715271,-0.313943475484848,0.9794185757637024,0.044687435030937195,-0.5570622682571411,-0.31864529848098755,0.9833082556724548,0.019997498020529747,-0.5690563321113586,-0.3387168049812317,0.988872230052948,0.022767629474401474,-0.5667735934257507,-0.3505017161369324,0.9916055798530579,0.022688843309879303,-0.5557674765586853,-0.3332812786102295,0.992995023727417,0.11338441073894501,-0.5508548021316528,-0.20171625912189484,0.9908519387245178,-0.052092742174863815,-0.5318403244018555,-0.21271446347236633,0.9903464317321777,0.06545083224773407,-0.524993896484375,-0.27712053060531616,0.9774364829063416,0.018380282446742058,-0.4970887005329132,-0.3037104308605194,0.9817022681236267,0.18810565769672394,-0.39655163884162903,-0.06240622326731682,0.9397640824317932,-0.13323764503002167,-0.4756920039653778,-0.025702087208628654,0.9220778346061707,0.2516011893749237,-0.22563031315803528,-0.08149180561304092,0.1198534369468689,-0.21366837620735168,-0.21585547924041748,-0.040185846388339996,0.0891738161444664,0.22538326680660248,-0.05320989713072777,-0.049389567226171494,0.033291421830654144,-0.2565562427043915,-0.036149464547634125,-0.08925612270832062,0.011097993701696396,0.22053563594818115,-0.022086309269070625,-0.04935164377093315,0.06501965969800949,-0.23360975086688995,-0.006240054499357939,-0.1092662662267685,0.0227949395775795,0.18374444544315338,-0.033146586269140244,-0.04892728105187416,0.08629899471998215,-0.20280495285987854,-0.037035346031188965,-0.12991108000278473,0.03336597979068756,0.2124272733926773,-0.03539666160941124,-0.052166927605867386,0.06872886419296265,-0.24356919527053833,-0.040908392518758774,-0.10462027043104172,0.028766285628080368,0.09986017644405365,0.012134570628404617,0.028404491022229195,0.010827439837157726,-0.09572093188762665,-0.019177522510290146,-0.02925613895058632,0.012504632584750652,0.04697849601507187,0.3871845304965973,-0.06394510716199875,0.0023851406294852495,-0.05590515583753586,0.3203210234642029,-0.12960827350616455,0.010042241774499416,0.05682128295302391,0.7082703113555908,0.08029868453741074,0.001783844199962914,-0.1462756246328354,0.6736142039299011,0.062428876757621765,0.008863580413162708,0.03602360934019089,0.7385170459747314,0.10067588835954666,0.0035290904343128204,-0.14806456863880157,0.7040092945098877,0.04426003247499466,0.00785632710903883,0.010113615542650223,0.7208900451660156,0.027244070544838905,0.0032596788369119167,-0.14526286721229553,0.7274530529975891,-0.03092047944664955,0.00907978042960167
0.025859538465738297,-0.5338181853294373,-0.335713654756546,0.9904706478118896,0.045431628823280334,-0.5569368004798889,-0.3273477852344513,0.9822524189949036,0.048265326768159866,-0.556780219078064,-0.31456291675567627,0.9812124967575073,0.04467327147722244,-0.5571321249008179,-0.31922608613967896,0.9847591519355774,0.020129866898059845,-0.5690929889678955,-0.3393068313598633,0.9898450970649719,0.022909121587872505,-0.5669006705284119,-0.3511439263820648,0.99233078956604,0.022840652614831924,-0.5558699369430542,-0.33388400077819824,0.993600070476532,0.11330661177635193,-0.5507428050041199,-0.20260196924209595,0.9916177988052368,-0.05206574127078056,-0.5318071842193604,-0.21367858350276947,0.991125762462616,0.06540811061859131,-0.5250862240791321,-0.2778286039829254,0.9794586896896362,0.01842578686773777,-0.4971774220466614,-0.3045320510864258,0.9833517074584961,0.18796218931674957,-0.3960859179496765,-0.06336899846792221,0.9454641342163086,-0.13341839611530304,-0.47567009925842285,-0.026702485978603363,0.9293580651283264,0.25143203139305115,-0.22451356053352356,-0.08223195374011993,0.1164543405175209,-0.2143012285232544,-0.2156621217727661,-0.04072106257081032,0.09306526184082031,0.22505635023117065,-0.05196841433644295,-0.05005230754613876,0.03037247247993946,-0.2566257119178772,-0.036163557320833206,-0.08974895626306534,0.010737156495451927,0.2201061248779297,-0.02065330743789673,-0.05019134655594826,0.05919219180941582,-0.23361830413341522,-0.006284971721470356,-0.10996590554714203,0.02152068167924881,0.18352702260017395,-0.03199375793337822,-0.04987531527876854,0.07863619178533554,-0.20272602140903473,-0.037179190665483475,-0.13055458664894104,0.03157183527946472,0.21211667358875275,-0.03408470004796982,-0.05289652571082115,0.06278637051582336,-0.24357996881008148,-0.040942344814538956,-0.10508518666028976,0.027391131967306137,0.09986113756895065,0.01215302012860775,0.028310371562838554,0.010465173050761223,-0.09571570158004761,-0.01916860230267048,-0.029161062091588974,0.012152711860835552,0.046671658754348755,0.3869541585445404,-0.06073326617479324,0.0022560718934983015,-0.055780746042728424,0.32055768370628357,-0.13060370087623596,0.009354053065180779,0.05672670900821686,0.70793616771698,0.08951607346534729,0.0016858683666214347,-0.14465899765491486,0.6730596423149109,0.06134878844022751,0.008172162808477879,0.0359656848013401,0.7381597757339478,0.11052237451076508,0.0032987380400300026,-0.1462264060974121,0.7035837769508362,0.04324028640985489,0.007251715287566185,0.01010289415717125,0.7210197448730469,0.03902067989110947,0.003014749614521861,-0.1440228819847107,0.7270519137382507,-0.0318993516266346,0.00832547526806593
0.025859534740447998,-0.5338363647460938,-0.3357594311237335,0.9913199543952942,0.04538911581039429,-0.5569870471954346,-0.3273988664150238,0.9838197231292725,0.04822726920247078,-0.5568221807479858,-0.31461766362190247,0.9828669428825378,0.044631097465753555,-0.5571630597114563,-0.31928297877311707,0.9860965013504028,0.02013985440135002,-0.5690922737121582,-0.33935487270355225,0.9907417893409729,0.022920921444892883,-0.5669080018997192,-0.3511876165866852,0.9930007457733154,0.02284920960664749,-0.5558563470840454,-0.33393678069114685,0.9941583871841431,0.11316221952438354,-0.5505659580230713,-0.20264676213264465,0.9923290610313416,-0.052089888602495193,-0.5317851901054382,-0.21370114386081696,0.9918527603149414,0.06534286588430405,-0.5250848531723022,-0.27787521481513977,0.9813053607940674,0.018410615622997284,-0.4971897304058075,-0.3045840859413147,0.984856128692627,0.18759167194366455,-0.39555779099464417,-0.06351527571678162,0.9506113529205322,-0.13350872695446014,-0.4756711721420288,-0.026726078242063522,0.9359182119369507,0.2508400082588196,-0.22310321033000946,-0.0825294628739357,0.11406127363443375,-0.21431845426559448,-0.21536213159561157,-0.04085894301533699,0.09648056328296661,0.22429130971431732,-0.04895995929837227,-0.04991214722394943,0.027780329808592796,-0.25647902488708496,-0.035475052893161774,-0.09004785120487213,0.010406618006527424,0.21928951144218445,-0.01701974682509899,-0.049982380121946335,0.05400187894701958,-0.23344393074512482,-0.005546931177377701,-0.11024792492389679,0.02037385106086731,0.18271635472774506,-0.027894798666238785,-0.049685560166835785,0.07181743532419205,-0.2025471031665802,-0.036390211433172226,-0.13086527585983276,0.029963050037622452,0.2113061398267746,-0.03077884390950203,-0.05272958055138588,0.05751296877861023,-0.24341009557247162,-0.0402362160384655,-0.10538294166326523,0.02616509236395359,0.09985089302062988,0.012179400771856308,0.028185643255710602,0.01010370347648859,-0.09569323807954788,-0.019173651933670044,-0.029044823721051216,0.011782003566622734,0.045908477157354355,0.38681238889694214,-0.06058892980217934,0.002145604696124792,-0.05577237159013748,0.32056811451911926,-0.1325863152742386,0.008742153644561768,0.055284563452005386,0.7077534794807434,0.08963875472545624,0.0015986372018232942,-0.14466020464897156,0.6725749969482422,0.05775497108697891,0.0075506484135985374,0.03445623070001602,0.7379663586616516,0.110617496073246,0.003092863829806447,-0.14624738693237305,0.702949047088623,0.03954516351222992,0.006710410118103027,0.008182819001376629,0.7208834886550903,0.03907002508640289,0.002796233631670475,-0.1441374272108078,0.7260357737541199,-0.03584892302751541,0.0076490165665745735
0.026135917752981186,-0.533796489238739,-0.33634552359580994,0.9920996427536011,0.04560838267207146,-0.5569730401039124,-0.3278271555900574,0.9852588176727295,0.04847519472241402,-0.55680912733078,-0.3151562213897705,0.9843860864639282,0.04486178234219551,-0.5571339130401611,-0.31972256302833557,0.9873232841491699,0.020564252510666847,-0.569083034992218,-0.33979207277297974,0.9915667772293091,0.02333972044289112,-0.5669043660163879,-0.35166817903518677,0.9936186671257019,0.02325950190424919,-0.5558358430862427,-0.33438214659690857,0.9946732521057129,0.11326991766691208,-0.5501658320426941,-0.20289945602416992,0.9929836988449097,-0.05184774845838547,-0.5317596197128296,-0.2139337658882141,0.9925307631492615,0.06545406579971313,-0.525075376033783,-0.2782982587814331,0.9829866290092468,0.018597403541207314,-0.4971697926521301,-0.3050502836704254,0.9862289428710938,0.18739953637123108,-0.3951551914215088,-0.06355127692222595,0.9552317261695862,-0.1335211843252182,-0.47571176290512085,-0.02675088681280613,0.9418434500694275,0.25046929717063904,-0.22226883471012115,-0.08166134357452393,0.11293955147266388,-0.21432967483997345,-0.2152298092842102,-0.04068712517619133,0.10188526660203934,0.22424772381782532,-0.047646328806877136,-0.04561534523963928,0.025514263659715652,-0.25592508912086487,-0.034859251230955124,-0.08959609270095825,0.0102963512763381,0.21922902762889862,-0.015805233269929886,-0.045139893889427185,0.04941416159272194,-0.23250412940979004,-0.0049674054607748985,-0.10978718101978302,0.019537201151251793,0.18273979425430298,-0.02616133913397789,-0.0452304370701313,0.0657954290509224,-0.20143184065818787,-0.035615839064121246,-0.1303088515996933,0.02880723401904106,0.2112949937582016,-0.02918047457933426,-0.04853455722332001,0.05287747457623482,-0.24263806641101837,-0.039536673575639725,-0.10483153164386749,0.02534031681716442,0.09985925257205963,0.012195302173495293,0.028108658269047737,0.009856955148279667,-0.09569398313760757,-0.019173715263605118,-0.028968913480639458,0.01156344823539257,0.0457315519452095,0.3866863250732422,-0.060264743864536285,0.0020651062950491905,-0.05583232268691063,0.32042184472084045,-0.13470454514026642,0.008250386454164982,0.05506882071495056,0.7077315449714661,0.08971960842609406,0.001531312009319663,-0.14483028650283813,0.6721892952919006,0.05512498319149017,0.007019019685685635,0.03428171947598457,0.7379326820373535,0.11069364845752716,0.002919217571616173,-0.1465529203414917,0.7025599479675293,0.03704188019037247,0.006242850795388222,0.008021848276257515,0.7209472060203552,0.03908471018075943,0.0026113411877304316,-0.1445840448141098,0.7256021499633789,-0.039369016885757446,0.007063030730932951
0.02624453976750374,-0.533768892288208,-0.33670681715011597,0.9928282499313354,0.04579166695475578,-0.5569613575935364,-0.32798245549201965,0.9866084456443787,0.04868893325328827,-0.5567977428436279,-0.3153592646121979,0.9858112931251526,0.04505996033549309,-0.5571106672286987,-0.31988319754600525,0.9884757995605469,0.02086690068244934,-0.5690747499465942,-0.339950829744339,0.9923396706581116,0.023632898926734924,-0.566900908946991,-0.3518456220626831,0.9941993355751038,0.023556586354970932,-0.5558562874794006,-0.3345448672771454,0.9951567649841309,0.11353280395269394,-0.5497394800186157,-0.20294979214668274,0.993604302406311,-0.05159059911966324,-0.5317733883857727,-0.2139386683702469,0.993179202079773,0.065508171916008,-0.5250052809715271,-0.27857184410095215,0.9845452904701233,0.018660442903637886,-0.49715641140937805,-0.3052813410758972,0.9874982833862305,0.18711349368095398,-0.39455312490463257,-0.0635380893945694,0.9594127535820007,-0.13328874111175537,-0.4758574664592743,-0.026593806222081184,0.947212278842926,0.25045445561408997,-0.22157299518585205,-0.08089321106672287,0.11423787474632263,-0.21437925100326538,-0.21535511314868927,-0.040416523814201355,0.10845944285392761,0.22603866457939148,-0.04552413895726204,-0.04255307838320732,0.02363995835185051,-0.25565534830093384,-0.03458266705274582,-0.0892215296626091,0.01039552316069603,0.2215152233839035,-0.013500229455530643,-0.0416598804295063,0.045501574873924255,-0.2321786880493164,-0.00459623709321022,-0.10936680436134338,0.019000718370079994,0.18549463152885437,-0.02285594865679741,-0.04227231815457344,0.06069442629814148,-0.20082245767116547,-0.035020001232624054,-0.1298125684261322,0.02809632010757923,0.213339164853096,-0.026476113125681877,-0.04566935822367668,0.04901792109012604,-0.24214749038219452,-0.03911258652806282,-0.10435857623815536,0.024922845885157585,0.0998256728053093,0.01220858283340931,0.02804347313940525,0.009665058925747871,-0.09562162309885025,-0.019171524792909622,-0.028905972838401794,0.011393088847398758,0.04542470723390579,0.38656163215637207,-0.059722356498241425,0.0019996315240859985,-0.05617239698767662,0.3195997178554535,-0.1360921710729599,0.007838744670152664,0.05479683354496956,0.7082412242889404,0.09014346450567245,0.001472911681048572,-0.1444452553987503,0.6719555854797363,0.05169165879487991,0.006554005201905966,0.034110695123672485,0.7386258244514465,0.11113446205854416,0.0027694362215697765,-0.1461886465549469,0.7023180723190308,0.033539626747369766,0.0058351424522697926,0.008032022975385189,0.7212334275245667,0.03963473439216614,0.002449479652568698,-0.14429134130477905,0.7245240211486816,-0.0431622751057148,0.006549401208758354
0.026279659941792488,-0.5337870121002197,-0.3392632007598877,0.9934837818145752,0.045907553285360336,-0.5568885803222656,-0.3297877013683319,0.987821638584137,0.048819977790117264,-0.5567264556884766,-0.3173912465572357,0.9870902299880981,0.045162953436374664,-0.5570271015167236,-0.32184261083602905,0.9895108342170715,0.02100510708987713,-0.5690140724182129,-0.3418981730937958,0.9930333495140076,0.023752478882670403,-0.566845715045929,-0.35397109389305115,0.9947191476821899,0.023709168657660484,-0.5558368563652039,-0.33650386333465576,0.9955893754959106,0.11365674436092377,-0.5491466522216797,-0.20378544926643372,0.994158923625946,-0.05152266472578049,-0.5315810441970825,-0.2147032916545868,0.9937531352043152,0.0655498206615448,-0.5249549150466919,-0.2808534502983093,0.9859491586685181,0.01868976652622223,-0.49714648723602295,-0.3076491355895996,0.9886389970779419,0.1867949217557907,-0.3944597840309143,-0.06356444209814072,0.9631541967391968,-0.1333189606666565,-0.4758077561855316,-0.02713051252067089,0.9520024061203003,0.2514994740486145,-0.223302960395813,-0.07963293045759201,0.11632587760686874,-0.21475942432880402,-0.21559350192546844,-0.04102947190403938,0.11609024554491043,0.23040063679218292,-0.04731240123510361,-0.04169010743498802,0.022039584815502167,-0.2556944787502289,-0.034960780292749405,-0.09125296026468277,0.010623344220221043,0.22610744833946228,-0.015283366665244102,-0.04114333167672157,0.04205436259508133,-0.23219236731529236,-0.0050717866979539394,-0.11208678036928177,0.018590610474348068,0.19010168313980103,-0.024088606238365173,-0.042225971817970276,0.056197382509708405,-0.20077583193778992,-0.0353708490729332,-0.13271863758563995,0.02755393274128437,0.21766944229602814,-0.02764246053993702,-0.045187246054410934,0.04561760276556015,-0.24210691452026367,-0.039268966764211655,-0.1062844842672348,0.02463800087571144,0.09987766295671463,0.012141135521233082,0.02833734266459942,0.009573071263730526,-0.09564422070980072,-0.01907936856150627,-0.029169250279664993,0.011331452988088131,0.045086588710546494,0.386450856924057,-0.05639887601137161,0.0019353085663169622,-0.057004474103450775,0.3183703124523163,-0.13603805005550385,0.007473119534552097,0.05493130907416344,0.7089007496833801,0.0964893326163292,0.0014146170578897,-0.1444256603717804,0.6716814637184143,0.05174132436513901,0.006130017340183258,0.034464698284864426,0.7394130825996399,0.11785851418972015,0.0026209233328700066,-0.14621450006961823,0.7020918130874634,0.033632729202508926,0.005464024841785431,0.009175889194011688,0.72214674949646,0.04696745052933693,0.0022985260002315044,-0.14431291818618774,0.7236354947090149,-0.04263029247522354,0.00608194712549448
0.02691960707306862,-0.5352465510368347,-0.3378888964653015,0.9940508008003235,0.046725738793611526,-0.5579985976219177,-0.3284758925437927,0.9888633489608765,0.049665793776512146,-0.5576178431510925,-0.31605803966522217,0.9881877899169922,0.046005506068468094,-0.558110773563385,-0.32047802209854126,0.9903967976570129,0.022065838798880577,-0.5701321959495544,-0.3406451344490051,0.9936322569847107,0.024822542443871498,-0.5679765343666077,-0.3527911305427551,0.9951680898666382,0.0248003751039505,-0.5570780634880066,-0.33525848388671875,0.9959635138511658,0.11408518999814987,-0.5493578910827637,-0.20313678681850433,0.9946278929710388,-0.050035979598760605,-0.5326387882232666,-0.2139819711446762,0.9942421913146973,0.06586351990699768,-0.5261527299880981,-0.27984878420829773,0.9871760010719299,0.01929037645459175,-0.4983239471912384,-0.3066752254962921,0.9896441102027893,0.1867518275976181,-0.3948793411254883,-0.06343863159418106,0.9665089249610901,-0.13255156576633453,-0.47646835446357727,-0.026875829324126244,0.9563482999801636,0.252074658870697,-0.22513152658939362,-0.0797123834490776,0.11791110038757324,-0.21428775787353516,-0.21682827174663544,-0.04108878970146179,0.1239486038684845,0.23315316438674927,-0.04923618957400322,-0.04419705644249916,0.02058749832212925,-0.25431326031684875,-0.03560526669025421,-0.09196236729621887,0.011062484234571457,0.22956649959087372,-0.016916783526539803,-0.044301837682724,0.0389777347445488,-0.23070655763149261,-0.005368512123823166,-0.11290036886930466,0.018547501415014267,0.1937193125486374,-0.025220725685358047,-0.045795146375894547,0.05219914764165878,-0.19885823130607605,-0.03551536798477173,-0.1336454600095749,0.027567565441131592,0.22065632045269012,-0.029249627143144608,-0.048113204538822174,0.04262823984026909,-0.24029594659805298,-0.039691805839538574,-0.10698088258504868,0.024845046922564507,0.09980452805757523,0.012071924284100533,0.028228916227817535,0.009590374305844307,-0.09553930163383484,-0.018990596756339073,-0.02903510071337223,0.011441472917795181,0.04514703527092934,0.3863818645477295,-0.0565311461687088,0.0018913114909082651,-0.05617398023605347,0.31829333305358887,-0.13583888113498688,0.007153932936489582,0.05523056536912918,0.7092602849006653,0.09643253684043884,0.001365693868137896,-0.14356842637062073,0.6720705628395081,0.04824834689497948,0.00577310286462307,0.034905824810266495,0.7398346662521362,0.11778975278139114,0.002496067900210619,-0.14543193578720093,0.7025723457336426,0.029532482847571373,0.005141931120306253,0.01041222084313631,0.7228369116783142,0.04692114144563675,0.002166408346965909,-0.14393995702266693,0.7234659790992737,-0.04856645315885544,0.005680432077497244
0.02701314352452755,-0.5372541546821594,-0.33719903230667114,0.9944990873336792,0.04678521305322647,-0.5597968101501465,-0.32781848311424255,0.9896718859672546,0.04973515868186951,-0.5595343112945557,-0.31539058685302734,0.9890326857566833,0.04606766626238823,-0.5598862767219543,-0.31979769468307495,0.9910770058631897,0.02227318286895752,-0.5721972584724426,-0.3400111794471741,0.9941035509109497,0.025020798668265343,-0.5697760581970215,-0.35218772292137146,0.9955171942710876,0.02498129941523075,-0.5589548945426941,-0.3346284329891205,0.996256411075592,0.11407383531332016,-0.5503677129745483,-0.2029787302017212,0.9949671030044556,-0.04956788942217827,-0.5341070294380188,-0.21372903883457184,0.9945971369743347,0.06589613854885101,-0.5279787182807922,-0.27923157811164856,0.9881614446640015,0.019482150673866272,-0.5001367926597595,-0.30607229471206665,0.9904664754867554,0.18670612573623657,-0.3960607349872589,-0.0630282536149025,0.9693788290023804,-0.1321154534816742,-0.4774296283721924,-0.026745572686195374,0.9601223468780518,0.25233373045921326,-0.22653625905513763,-0.07743877917528152,0.11603207886219025,-0.2141592651605606,-0.21836405992507935,-0.04081432893872261,0.1300746649503708,0.2332332581281662,-0.05475792661309242,-0.040371984243392944,0.01906515471637249,-0.2539011538028717,-0.03704703599214554,-0.09122120589017868,0.011351807042956352,0.22956494987010956,-0.024405572563409805,-0.04013555496931076,0.03591153770685196,-0.23020367324352264,-0.006794202607125044,-0.11239159107208252,0.01835845597088337,0.19395337998867035,-0.033729713410139084,-0.041769616305828094,0.048166144639253616,-0.1982373148202896,-0.03677588701248169,-0.1328592598438263,0.02734793908894062,0.22087499499320984,-0.035517457872629166,-0.04449642822146416,0.03953414037823677,-0.23985189199447632,-0.041111547499895096,-0.10618329793214798,0.024793561547994614,0.09982038289308548,0.01197892613708973,0.028132308274507523,0.009576245211064816,-0.09554308652877808,-0.018900252878665924,-0.028915176168084145,0.011559820733964443,0.04721314087510109,0.38632315397262573,-0.05687108263373375,0.0018362423870712519,-0.05608072504401207,0.317916601896286,-0.1359681934118271,0.006815080996602774,0.05647789686918259,0.7095257639884949,0.09368126839399338,0.0013150492450222373,-0.1435352861881256,0.6720371246337891,0.045846544206142426,0.005420101340860128,0.03615155443549156,0.7401294708251953,0.11463557928800583,0.00236901780590415,-0.14544807374477386,0.7025660276412964,0.02699217200279236,0.004824203904718161,0.011578429490327835,0.7236238718032837,0.04304932802915573,0.0020401643123477697,-0.14418081939220428,0.7233456969261169,-0.052414629608392715,0.005294117145240307
0.027371622622013092,-0.5379709005355835,-0.33614522218704224,0.9948961138725281,0.04700874537229538,-0.5604466795921326,-0.3269023895263672,0.9903886318206787,0.049984075129032135,-0.5604309439659119,-0.31446704268455505,0.9897810816764832,0.0463017113506794,-0.5607251524925232,-0.31886589527130127,0.9916814565658569,0.022697998210787773,-0.5729361772537231,-0.3392147421836853,0.9945217967033386,0.025440610945224762,-0.5706238746643066,-0.351306289434433,0.9958260655403137,0.02536841109395027,-0.5596309900283813,-0.3337300419807434,0.9965160489082336,0.11409226804971695,-0.5508769750595093,-0.2022942453622818,0.9952661395072937,-0.049246646463871,-0.5346494317054749,-0.21325892210006714,0.9949113726615906,0.06615812331438065,-0.5288283824920654,-0.27822956442832947,0.9890329241752625,0.019907638430595398,-0.5009893774986267,-0.3050801157951355,0.9911963939666748,0.18667727708816528,-0.3965553939342499,-0.06169253960251808,0.9719289541244507,-0.13188640773296356,-0.4777916669845581,-0.026293963193893433,0.9634811282157898,0.2523292303085327,-0.22668324410915375,-0.07487324625253677,0.11289326846599579,-0.2139953225851059,-0.21923287212848663,-0.039175018668174744,0.13422878086566925,0.2326177954673767,-0.05668545886874199,-0.037167102098464966,0.017612481489777565,-0.25330907106399536,-0.03827378898859024,-0.0865747332572937,0.011431342922151089,0.2287052720785141,-0.027211500331759453,-0.036780763417482376,0.03304366022348404,-0.22928330302238464,-0.008111907169222832,-0.10751460492610931,0.017995471134781837,0.19345034658908844,-0.03723466396331787,-0.03820805624127388,0.04438634589314461,-0.19738279283046722,-0.038087986409664154,-0.12761333584785461,0.026858851313591003,0.2204190045595169,-0.03791847825050354,-0.04127960279583931,0.03659769147634506,-0.239274799823761,-0.0424337200820446,-0.1014363169670105,0.024475738406181335,0.09989293664693832,0.011931298300623894,0.028086891397833824,0.009496531449258327,-0.09560054540634155,-0.018856942653656006,-0.028865767642855644,0.011581622995436192,0.04840385913848877,0.38627687096595764,-0.05711977183818817,0.0017732770647853613,-0.05607011541724205,0.31752482056617737,-0.1359608769416809,0.006469922140240669,0.057285796850919724,0.7095517516136169,0.09243195503950119,0.0012605736264958978,-0.14350590109825134,0.6719805002212524,0.04570132493972778,0.005078424699604511,0.0369110032916069,0.7401567697525024,0.11317674070596695,0.002243282739073038,-0.1454564779996872,0.7025209069252014,0.026880117133259773,0.0045193093828856945,0.011973906308412552,0.7237807512283325,0.04147278890013695,0.0019181411480531096,-0.14432184398174286,0.7232071757316589,-0.05245582014322281,0.004928912036120892
0.02763468399643898,-0.5382269620895386,-0.33659473061561584,0.9952454566955566,0.04714486375451088,-0.5606797933578491,-0.3274170458316803,0.9910199046134949,0.05012591555714607,-0.5606313943862915,-0.3149774968624115,0.9904365539550781,0.04642895609140396,-0.560907244682312,-0.319373220205307,0.9922093152999878,0.022904615849256516,-0.5730867981910706,-0.339786171913147,0.9948906898498535,0.02565225027501583,-0.5708100199699402,-0.35174837708473206,0.9960979223251343,0.025571374222636223,-0.5597626566886902,-0.33425137400627136,0.996744692325592,0.11413469165563583,-0.5510424375534058,-0.20288622379302979,0.9955238103866577,-0.04909984767436981,-0.5347421765327454,-0.21393053233623505,0.9951879382133484,0.06641171872615814,-0.5290068984031677,-0.27861878275871277,0.9898036122322083,0.02025674656033516,-0.5011709332466125,-0.3054724931716919,0.9918444752693176,0.18675372004508972,-0.3966591954231262,-0.061711814254522324,0.9741870164871216,-0.13170471787452698,-0.4779619872570038,-0.02687491662800312,0.9664841890335083,0.252332866191864,-0.22668243944644928,-0.07477232813835144,0.10928615927696228,-0.21389974653720856,-0.21989917755126953,-0.039190154522657394,0.13733825087547302,0.2319837063550949,-0.05709602311253548,-0.03697686269879341,0.016241194680333138,-0.2532525956630707,-0.038706760853528976,-0.08585525304079056,0.011417016386985779,0.22781039774417877,-0.027884235605597496,-0.03657978028059006,0.03037073090672493,-0.22922714054584503,-0.008485354483127594,-0.10666295886039734,0.01757015660405159,0.19259360432624817,-0.038189176470041275,-0.03790763020515442,0.04085323587059975,-0.19732967019081116,-0.038369134068489075,-0.12670737504959106,0.026269391179084778,0.21975429356098175,-0.03851538896560669,-0.04103497415781021,0.03382265940308571,-0.23922321200370789,-0.04282519221305847,-0.10069669783115387,0.024034345522522926,0.09996158629655838,0.011909722350537777,0.028058845549821854,0.009359349496662617,-0.09565699845552444,-0.01883208379149437,-0.028837094083428383,0.011530676856637001,0.04932897910475731,0.3862300217151642,-0.05733445659279823,0.0017129003535956144,-0.05603329837322235,0.3172786831855774,-0.1358119249343872,0.0061426786705851555,0.05786183848977089,0.7092432379722595,0.09189751744270325,0.0012112455442547798,-0.1434219777584076,0.6716693639755249,0.046942804008722305,0.004762506112456322,0.03741969168186188,0.739861011505127,0.11258330196142197,0.0021309922449290752,-0.14542034268379211,0.7022314071655273,0.028393413871526718,0.004240124486386776,0.012158727273344994,0.7235334515571594,0.04058709368109703,0.0018086408963426948,-0.14427870512008667,0.7228580713272095,-0.050727032124996185,0.004593946970999241
0.028286874294281006,-0.5382905602455139,-0.3365829288959503,0.9955684542655945,0.047597043216228485,-0.5607365369796753,-0.3274320662021637,0.9916018843650818,0.0505819134414196,-0.5606763958930969,-0.31499168276786804,0.9910485744476318,0.0468759648501873,-0.5609490275382996,-0.31938713788986206,0.9926994442939758,0.023519374430179596,-0.5731227993965149,-0.3397895097732544,0.9952288866043091,0.02627096138894558,-0.5708526968955994,-0.3517518937587738,0.9963487386703491,0.026196906343102455,-0.5598010420799255,-0.3342669606208801,0.996954619884491,0.11427833884954453,-0.5510767698287964,-0.2029450237751007,0.9957711100578308,-0.0485684834420681,-0.5347274541854858,-0.2140493094921112,0.9954491853713989,0.066985122859478,-0.5291159749031067,-0.2786155939102173,0.9905204772949219,0.021005503833293915,-0.5012142062187195,-0.3054865300655365,0.9924417734146118,0.1869971752166748,-0.3966060280799866,-0.0616009496152401,0.9762543439865112,-0.13139058649539948,-0.47807902097702026,-0.026949109509587288,0.9692018628120422,0.2523179054260254,-0.22534751892089844,-0.07450909167528152,0.10717654973268509,-0.21379618346691132,-0.2200077623128891,-0.03872941434383392,0.1410313993692398,0.2311607003211975,-0.0552934966981411,-0.036895930767059326,0.015076243318617344,-0.2530565857887268,-0.03880961239337921,-0.08416815847158432,0.011480692774057388,0.22655268013477325,-0.02588116005063057,-0.03655253350734711,0.028068240731954575,-0.22894296050071716,-0.008562058210372925,-0.10477324575185776,0.01728600263595581,0.19130854308605194,-0.036452025175094604,-0.03780560940504074,0.03781682252883911,-0.19711710512638092,-0.038470443338155746,-0.12481511384248734,0.025883873924613,0.21880213916301727,-0.036849867552518845,-0.04091263934969902,0.031465254724025726,-0.2390473634004593,-0.0429333858191967,-0.09899504482746124,0.023780087009072304,0.09999585896730423,0.011908598244190216,0.02803587168455124,0.009220295585691929,-0.09568344056606293,-0.0188293419778347,-0.028815552592277527,0.011438751593232155,0.049464739859104156,0.3861446976661682,-0.05773525312542915,0.0016741125145927072,-0.05590066686272621,0.3169904053211212,-0.13580700755119324,0.005884984508156776,0.05801365524530411,0.7090509533882141,0.09104360640048981,0.001175711047835648,-0.142988383769989,0.6712002754211426,0.04719046875834465,0.004496182780712843,0.037578605115413666,0.7395500540733337,0.11166262626647949,0.0020423773676156998,-0.14507503807544708,0.7017832398414612,0.02872178517282009,0.004005066119134426,0.01221084501594305,0.7227451205253601,0.03942898288369179,0.0017185270553454757,-0.14411377906799316,0.7219178676605225,-0.05021023005247116,0.004305955953896046
0.028955314308404922,-0.538321852684021,-0.33805710077285767,0.9958555102348328,0.048190850764513016,-0.5607130527496338,-0.328938364982605,0.9921219348907471,0.05116861313581467,-0.5606381297111511,-0.3164941370487213,0.9915912747383118,0.04743165895342827,-0.5609017610549927,-0.320887953042984,0.9931337237358093,0.024155737832188606,-0.5730550289154053,-0.34123140573501587,0.9955291748046875,0.02689751610159874,-0.5708087682723999,-0.353196918964386,0.9965700507164001,0.02688310109078884,-0.5597257018089294,-0.3356502652168274,0.9971403479576111,0.11470256000757217,-0.5510051846504211,-0.20411039888858795,0.9959889054298401,-0.04807404428720474,-0.5344097018241882,-0.2152232974767685,0.995678186416626,0.06767302006483078,-0.5291203856468201,-0.2800149619579315,0.9911668300628662,0.021735114976763725,-0.5012300610542297,-0.30686530470848083,0.9929776191711426,0.18755584955215454,-0.3964114487171173,-0.06173136085271835,0.9780945777893066,-0.13092432916164398,-0.47807756066322327,-0.027935313060879707,0.9716378450393677,0.252714604139328,-0.22509320080280304,-0.07455024123191833,0.10515306144952774,-0.2134428322315216,-0.2201894372701645,-0.038618411868810654,0.14451035857200623,0.23105023801326752,-0.055163584649562836,-0.037377968430519104,0.014024230651557446,-0.25283846259117126,-0.039226092398166656,-0.08340705186128616,0.011542662046849728,0.22617505490779877,-0.02574808895587921,-0.03721964731812477,0.025976326316595078,-0.22872339189052582,-0.009071688167750835,-0.10401000827550888,0.01700218766927719,0.19092793762683868,-0.036400727927684784,-0.03850851580500603,0.03505999967455864,-0.1968216896057129,-0.0388672798871994,-0.12420004606246948,0.02549450844526291,0.21859805285930634,-0.03672854229807854,-0.04139779508113861,0.029300907626748085,-0.23885077238082886,-0.04322298243641853,-0.09825465828180313,0.023498501628637314,0.10003068298101425,0.011939605697989464,0.028015637770295143,0.009076831862330437,-0.0957176610827446,-0.018854964524507523,-0.02879880741238594,0.011339738965034485,0.04902118071913719,0.3857395350933075,-0.05778126046061516,0.0016392035176977515,-0.05610496550798416,0.31668490171432495,-0.13496628403663635,0.00565584609284997,0.05810889974236488,0.7078745365142822,0.09119732677936554,0.0011478338856250048,-0.14282932877540588,0.66961669921875,0.051651377230882645,0.004256492014974356,0.037707772105932236,0.7384605407714844,0.11182978004217148,0.001966070383787155,-0.14497561752796173,0.6999555826187134,0.03385103493928909,0.003799499711021781,0.012169518508017063,0.7214547991752625,0.0394289493560791,0.001641036244109273,-0.1443420797586441,0.7203842997550964,-0.04352819174528122,0.0040474338456988335
0.0302085280418396,-0.5384442210197449,-0.33900487422943115,0.9960992336273193,0.04920075461268425,-0.5607708692550659,-0.3296951949596405,0.992553174495697,0.05217517539858818,-0.5606874227523804,-0.3172490894794464,0.9920375943183899,0.04839139059185982,-0.5609467029571533,-0.32164236903190613,0.9934878945350647,0.025191253051161766,-0.573053777217865,-0.3421667218208313,0.9957805275917053,0.02793346531689167,-0.5708181262016296,-0.35402703285217285,0.99675452709198,0.027981597930192947,-0.5597216486930847,-0.3365600109100342,0.9972958564758301,0.11514311283826828,-0.5510043501853943,-0.20459021627902985,0.996157705783844,-0.04744158685207367,-0.5339176058769226,-0.21608741581439972,0.9958621263504028,0.06892672926187515,-0.5291998982429504,-0.2808234691619873,0.991722822189331,0.023078620433807373,-0.5012601017951965,-0.3078809380531311,0.9934420585632324,0.18819598853588104,-0.39631760120391846,-0.06163886561989784,0.9796847701072693,-0.1305086463689804,-0.47800666093826294,-0.028825122863054276,0.9737783074378967,0.25310054421424866,-0.225176140666008,-0.0744074136018753,0.10290748625993729,-0.21340306103229523,-0.22053606808185577,-0.03860260546207428,0.1479836255311966,0.23100344836711884,-0.055881939828395844,-0.03837750479578972,0.013058340176939964,-0.25267040729522705,-0.039863720536231995,-0.08338812738656998,0.011607808992266655,0.22604167461395264,-0.026569833979010582,-0.03877567872405052,0.02406640350818634,-0.22846819460391998,-0.009641413576900959,-0.10403598845005035,0.016746753826737404,0.19077368080615997,-0.037612393498420715,-0.040201980620622635,0.03253617882728577,-0.19647066295146942,-0.03948735445737839,-0.12429611384868622,0.025135694071650505,0.21853236854076385,-0.037484060972929,-0.04253728687763214,0.027312075719237328,-0.238641157746315,-0.04371264576911926,-0.09824838489294052,0.023229099810123444,0.10012920200824738,0.01195888128131628,0.028188912197947502,0.008944702334702015,-0.095814049243927,-0.018874486908316612,-0.02898333966732025,0.011254673823714256,0.04902499541640282,0.38529080152511597,-0.05748865753412247,0.001603713957592845,-0.056202925741672516,0.31598320603370667,-0.13481082022190094,0.005452429875731468,0.058307185769081116,0.7070777416229248,0.09157153218984604,0.0011199872242286801,-0.1427794247865677,0.6666001677513123,0.051990240812301636,0.00403511943295598,0.03793898597359657,0.7377044558525085,0.11219697445631027,0.0018929800717160106,-0.14495974779129028,0.6967858076095581,0.034284718334674835,0.0036114733666181564,0.012204346247017384,0.7208089828491211,0.03964904695749283,0.0015680377837270498,-0.14452297985553741,0.7163711786270142,-0.04247744381427765,0.0038101302925497293
0.030698899179697037,-0.5383906364440918,-0.3443424105644226,0.9963082671165466,0.04977019131183624,-0.5606479048728943,-0.33448752760887146,0.9929168820381165,0.052722249180078506,-0.5604323148727417,-0.32239940762519836,0.9924123287200928,0.04892585054039955,-0.5608029365539551,-0.32661157846450806,0.9937825202941895,0.025728657841682434,-0.5726494193077087,-0.34713613986968994,0.9959925413131714,0.028462935239076614,-0.5704419612884521,-0.3592526316642761,0.9969096779823303,0.028579965233802795,-0.559453010559082,-0.34169167280197144,0.9974257946014404,0.11558911949396133,-0.5507368445396423,-0.2088075578212738,0.996292769908905,-0.0469835065305233,-0.5328879356384277,-0.2203851342201233,0.9960137605667114,0.06956790387630463,-0.529181182384491,-0.2860240638256073,0.9922049045562744,0.023746680468320847,-0.5011000037193298,-0.31310969591140747,0.9938467144966125,0.18885011970996857,-0.39623838663101196,-0.06310751289129257,0.9810521602630615,-0.12999024987220764,-0.477867990732193,-0.03250596672296524,0.9756485819816589,0.2532775104045868,-0.22550314664840698,-0.0756567120552063,0.10183636099100113,-0.21343965828418732,-0.2214546948671341,-0.039749640971422195,0.15382663905620575,0.23095855116844177,-0.057408444583415985,-0.04275596886873245,0.012280639261007309,-0.25256019830703735,-0.04154260456562042,-0.0843275636434555,0.011954290792346,0.22562016546726227,-0.028305480256676674,-0.04381261765956879,0.022469092160463333,-0.22824987769126892,-0.011304957792162895,-0.10533252358436584,0.01678316667675972,0.19055108726024628,-0.03954567387700081,-0.04603797569870949,0.030433375388383865,-0.1961578130722046,-0.04116721823811531,-0.12597694993019104,0.02520308643579483,0.21845272183418274,-0.038875289261341095,-0.04749409854412079,0.0256838146597147,-0.23842719197273254,-0.045111171901226044,-0.09921808540821075,0.023367183282971382,0.10023258626461029,0.01198062114417553,0.028473826125264168,0.008891530334949493,-0.09590397775173187,-0.01889823190867901,-0.029282379895448685,0.011275585740804672,0.04885533079504967,0.38499149680137634,-0.05611834302544594,0.0015795129584148526,-0.05687057226896286,0.31426703929901123,-0.134458526968956,0.005301727447658777,0.05822067707777023,0.7065924406051636,0.09297609329223633,0.0011049637105315924,-0.14325155317783356,0.6643102765083313,0.053579479455947876,0.003850731533020735,0.03789324685931206,0.7370598316192627,0.11359550058841705,0.0018377441447228193,-0.14588141441345215,0.694421112537384,0.03631442040205002,0.0034546025563031435,0.011608344502747059,0.7203840613365173,0.040641672909259796,0.001514457049779594,-0.1459314376115799,0.7130174040794373,-0.0397355780005455,0.0036108456552028656
0.031016942113637924,-0.5384016036987305,-0.34686702489852905,0.996509313583374,0.05012267455458641,-0.5606321692466736,-0.33685103058815,0.9932714104652405,0.05305879935622215,-0.5603650808334351,-0.3248734772205353,0.9927811622619629,0.04926019161939621,-0.5607781410217285,-0.32888418436050415,0.9940730929374695,0.02607518807053566,-0.5725188255310059,-0.34955206513404846,0.9961975812911987,0.02880238927900791,-0.5703243017196655,-0.36159980297088623,0.9970601797103882,0.028958190232515335,-0.5593770742416382,-0.3440133333206177,0.9975507259368896,0.11595354974269867,-0.5505608320236206,-0.21099215745925903,0.99643474817276,-0.046641964465379715,-0.5323278903961182,-0.22231252491474152,0.9961661100387573,0.07002583891153336,-0.52920001745224,-0.28836292028427124,0.9926596283912659,0.024215446785092354,-0.501069188117981,-0.3156050443649292,0.9942232966423035,0.18930381536483765,-0.3962033987045288,-0.06397347897291183,0.9822776317596436,-0.12951816618442535,-0.4777752757072449,-0.034034740179777145,0.9773081541061401,0.2534843385219574,-0.22555597126483917,-0.07616499811410904,0.10147795081138611,-0.21338710188865662,-0.22197620570659637,-0.03995511308312416,0.15969985723495483,0.23097266256809235,-0.05735858902335167,-0.044017892330884933,0.01161022949963808,-0.2523714005947113,-0.04224931448698044,-0.08428496867418289,0.012295396067202091,0.22553811967372894,-0.02821517549455166,-0.04521842673420906,0.02106674574315548,-0.22800691425800323,-0.011988651007413864,-0.10531661659479141,0.016829127445816994,0.19047415256500244,-0.03931725397706032,-0.04768892005085945,0.028590772300958633,-0.19592230021953583,-0.041724108159542084,-0.12598572671413422,0.025288408622145653,0.21841929852962494,-0.03871913626790047,-0.04893835633993149,0.02426624856889248,-0.2381899356842041,-0.04563845321536064,-0.09917432069778442,0.023519745096564293,0.1003199890255928,0.012007416225969791,0.028587602078914642,0.00886345375329256,-0.0959719642996788,-0.01892620511353016,-0.029405882582068443,0.011307762935757637,0.048622146248817444,0.38471758365631104,-0.05579260736703873,0.0015740402741357684,-0.057252347469329834,0.3131450414657593,-0.13374023139476776,0.005198018159717321,0.05809784308075905,0.7059564590454102,0.09308516979217529,0.0010984991677105427,-0.14357011020183563,0.6627131104469299,0.05543399229645729,0.0036952742375433445,0.03780192881822586,0.736312210559845,0.1136825680732727,0.0017950056353583932,-0.14649698138237,0.6925249695777893,0.03846452012658119,0.0033240371849387884,0.010856405831873417,0.7195780277252197,0.04067181795835495,0.001473314012400806,-0.14724946022033691,0.7103808522224426,-0.03668975830078125,0.0034401940647512674
0.031454626470804214,-0.5383597612380981,-0.34861671924591064,0.996687650680542,0.0506899319589138,-0.5604491829872131,-0.3385467827320099,0.9935821294784546,0.05361885949969292,-0.5602203607559204,-0.32660892605781555,0.993105411529541,0.049807578325271606,-0.5605801939964294,-0.33067014813423157,0.9943268299102783,0.02661868929862976,-0.5723133087158203,-0.3512651324272156,0.9963774681091309,0.02934746816754341,-0.5701311826705933,-0.36341220140457153,0.997191846370697,0.029524417594075203,-0.5591035485267639,-0.34568431973457336,0.9976605176925659,0.11657675355672836,-0.5503103137016296,-0.21289411187171936,0.9965553283691406,-0.045898739248514175,-0.5318039655685425,-0.22395536303520203,0.9962964057922363,0.07056307792663574,-0.5291026830673218,-0.29017168283462524,0.9930638074874878,0.024814477190375328,-0.500967800617218,-0.3174816370010376,0.9945594072341919,0.19017548859119415,-0.3959721326828003,-0.06541279703378677,0.9833753705024719,-0.12899623811244965,-0.47761499881744385,-0.03578368201851845,0.9788047671318054,0.25378182530403137,-0.22553208470344543,-0.07950795441865921,0.10122481733560562,-0.21337126195430756,-0.2221529334783554,-0.04117349162697792,0.1651168018579483,0.23104606568813324,-0.05748036131262779,-0.05138285830616951,0.011013397015631199,-0.25230270624160767,-0.042671166360378265,-0.08570247143507004,0.012620220892131329,0.22547098994255066,-0.02830435335636139,-0.05328467860817909,0.019821148365736008,-0.2279445081949234,-0.012293956242501736,-0.10688405483961105,0.01690390333533287,0.19043855369091034,-0.03944552689790726,-0.0560041144490242,0.026960555464029312,-0.19584287703037262,-0.04205666482448578,-0.1278812140226364,0.025420278310775757,0.21844364702701569,-0.038811687380075455,-0.05659237876534462,0.02301287092268467,-0.23811492323875427,-0.04595445841550827,-0.10061880201101303,0.023719431832432747,0.10042987018823624,0.012032672762870789,0.02871514856815338,0.008834856562316418,-0.09606435149908066,-0.018953008577227592,-0.029538091272115707,0.011341209523379803,0.04857921600341797,0.38459160923957825,-0.055730223655700684,0.0015638552140444517,-0.05738498643040657,0.3123261332511902,-0.13339591026306152,0.005093224346637726,0.0580483041703701,0.7055814266204834,0.09309842437505722,0.001090273610316217,-0.14395497739315033,0.6616631150245667,0.05555408075451851,0.003553579794242978,0.03778332471847534,0.7358821630477905,0.11369774490594864,0.0017549000913277268,-0.14713136851787567,0.6913435459136963,0.03858238831162453,0.003204030217602849,0.010576436296105385,0.7189437747001648,0.0406404584646225,0.0014362853253260255,-0.14815936982631683,0.7083874344825745,-0.036590322852134705,0.0032880983781069517
0.03190634027123451,-0.5381362438201904,-0.34991616010665894,0.996857225894928,0.05120664834976196,-0.5600630044937134,-0.33983200788497925,0.9938822984695435,0.05413730815052986,-0.559869110584259,-0.32778647541999817,0.9934197664260864,0.05031786113977432,-0.5601779818534851,-0.3318754732608795,0.9945756196975708,0.02707614004611969,-0.5719002485275269,-0.352554589509964,0.9965485334396362,0.02980262227356434,-0.5697318315505981,-0.36474570631980896,0.9973177909851074,0.029989372938871384,-0.5586315989494324,-0.3469539284706116,0.997764527797699,0.11717613786458969,-0.5501288175582886,-0.2141047865152359,0.9966797828674316,-0.045461900532245636,-0.5313202738761902,-0.22516889870166779,0.9964233040809631,0.07109178602695465,-0.528805673122406,-0.2915036380290985,0.9934438467025757,0.025325655937194824,-0.5006689429283142,-0.3187203109264374,0.9948702454566956,0.19105064868927002,-0.39566779136657715,-0.0666983425617218,0.9844112992286682,-0.1287059634923935,-0.4775087237358093,-0.036867186427116394,0.9801723957061768,0.25414568185806274,-0.2251473069190979,-0.08128558844327927,0.1014409288764,-0.21324169635772705,-0.22223620116710663,-0.04268006980419159,0.16966551542282104,0.23120813071727753,-0.05706385523080826,-0.05370992422103882,0.010500873439013958,-0.25208789110183716,-0.04303652048110962,-0.0879392921924591,0.01288295816630125,0.22546659409999847,-0.027730701491236687,-0.05556679144501686,0.018734104931354523,-0.22781813144683838,-0.01261323131620884,-0.10933120548725128,0.016951080411672592,0.19046171009540558,-0.03895237296819687,-0.05829254910349846,0.02553677000105381,-0.19569650292396545,-0.04248933494091034,-0.1304866224527359,0.02550378069281578,0.21855418384075165,-0.0383327454328537,-0.05889219790697098,0.0219309963285923,-0.23786796629428864,-0.046304475516080856,-0.10294786095619202,0.02386537380516529,0.10052464157342911,0.01207735762000084,0.02877906896173954,0.00882928166538477,-0.09614596515893936,-0.01899668574333191,-0.029604773968458176,0.011380335316061974,0.04831096529960632,0.3846803605556488,-0.05550564080476761,0.0015581746120005846,-0.057532306760549545,0.3117389976978302,-0.13312987983226776,0.005005417857319117,0.05808677151799202,0.7055218815803528,0.0940832868218422,0.0010828706435859203,-0.14452798664569855,0.6610545516014099,0.05558725818991661,0.0034314452204853296,0.037890058010816574,0.7358136177062988,0.11483795940876007,0.001720445929095149,-0.14790436625480652,0.6908608078956604,0.03859963268041611,0.0031010496895760298,0.010661447420716286,0.7188699841499329,0.04203055053949356,0.0014029594603925943,-0.149277925491333,0.7073851227760315,-0.03658472001552582,0.0031557546462863684
0.03247338533401489,-0.5380741357803345,-0.3519851565361023,0.9970046877861023,0.05174838751554489,-0.5600136518478394,-0.341903418302536,0.9941402673721313,0.0546816810965538,-0.5597528219223022,-0.32978254556655884,0.9936893582344055,0.05086131393909454,-0.560123860836029,-0.3338935673236847,0.9947881698608398,0.027605313807725906,-0.5717570185661316,-0.35462456941604614,0.9966979622840881,0.03032958321273327,-0.5695947408676147,-0.36683958768844604,0.9974274635314941,0.030523261055350304,-0.558464527130127,-0.3490121364593506,0.997856080532074,0.11778254806995392,-0.549993634223938,-0.21593023836612701,0.9967803955078125,-0.045017845928668976,-0.5310223698616028,-0.22713927924633026,0.9965336918830872,0.07172717154026031,-0.5287123918533325,-0.2934565842151642,0.9937708973884583,0.02593872882425785,-0.5005738735198975,-0.3207519054412842,0.9951416850090027,0.19175098836421967,-0.3954603970050812,-0.06798063963651657,0.9852982759475708,-0.12826725840568542,-0.4773861765861511,-0.03836389631032944,0.9813885688781738,0.2542167007923126,-0.22518430650234222,-0.08242536336183548,0.1009674146771431,-0.21297085285186768,-0.22248059511184692,-0.0429530069231987,0.17350076138973236,0.23112452030181885,-0.05768066644668579,-0.054722025990486145,0.009993480518460274,-0.25202676653862,-0.043304696679115295,-0.08763232827186584,0.013056229799985886,0.22516359388828278,-0.028671100735664368,-0.05647535249590874,0.01769227162003517,-0.22777055203914642,-0.01288455631583929,-0.10888627916574478,0.01691528968513012,0.19025641679763794,-0.040114887058734894,-0.059230998158454895,0.024170005694031715,-0.19569414854049683,-0.042715612798929214,-0.13009928166866302,0.025456944480538368,0.2184378057718277,-0.03901856020092964,-0.059868648648262024,0.020871073007583618,-0.2377997636795044,-0.0465400367975235,-0.10264472663402557,0.023888781666755676,0.10063520818948746,0.012161118909716606,0.028923800215125084,0.008851880207657814,-0.09624431282281876,-0.01908753626048565,-0.02975943498313427,0.011480680666863918,0.04767391458153725,0.3846636712551117,-0.05443736910820007,0.0015609002439305186,-0.05772963911294937,0.3108040392398834,-0.1328895539045334,0.004973058123141527,0.05817454680800438,0.7054829001426697,0.09675197303295135,0.0010810798266902566,-0.14484819769859314,0.6601437330245972,0.05533616989850998,0.003346391022205353,0.03806699812412262,0.7357670664787292,0.11758649349212646,0.0016927769174799323,-0.1483256220817566,0.6900503039360046,0.03828005865216255,0.0030223573558032513,0.010642139241099358,0.71883225440979,0.04505816102027893,0.0013782535679638386,-0.14974156022071838,0.7060196399688721,-0.03703297674655914,0.003055074019357562
0.03296690061688423,-0.5383085012435913,-0.35049086809158325,0.9971274137496948,0.05221870169043541,-0.5601364970207214,-0.3405435085296631,0.9943526387214661,0.05517475679516792,-0.5599042177200317,-0.3283859193325043,0.9939134120941162,0.05133268982172012,-0.5602371096611023,-0.3325093984603882,0.9949623942375183,0.028070881962776184,-0.5718733668327332,-0.35313570499420166,0.9968206882476807,0.030821705237030983,-0.5697191953659058,-0.3653585612773895,0.9975191950798035,0.030995653942227364,-0.5585643649101257,-0.3475186228752136,0.9979327321052551,0.1184089258313179,-0.5499634146690369,-0.21494188904762268,0.9968608021736145,-0.044377848505973816,-0.5310236811637878,-0.22592920064926147,0.9966232180595398,0.07215598970651627,-0.5288013815879822,-0.2921619117259979,0.9940548539161682,0.026349620893597603,-0.5006547570228577,-0.31936800479888916,0.995381236076355,0.1924423724412918,-0.39529383182525635,-0.06778781861066818,0.9861657619476318,-0.1277492642402649,-0.4774080216884613,-0.03779016435146332,0.9825620055198669,0.2542751729488373,-0.22529911994934082,-0.08333279937505722,0.09972114115953445,-0.21263663470745087,-0.22283253073692322,-0.04264109209179878,0.17420464754104614,0.23095811903476715,-0.05907134339213371,-0.05676179751753807,0.00946965254843235,-0.2519632577896118,-0.04365336894989014,-0.08732874691486359,0.01297946646809578,0.22493954002857208,-0.030272966250777245,-0.058521028608083725,0.016683710739016533,-0.22773997485637665,-0.013069499284029007,-0.10853137075901031,0.016708001494407654,0.19007912278175354,-0.042359475046396255,-0.06090246140956879,0.02283903770148754,-0.19565723836421967,-0.04298430308699608,-0.1297953724861145,0.02516554668545723,0.2182164043188095,-0.04081098362803459,-0.061571866273880005,0.019828828051686287,-0.2377445548772812,-0.04694891721010208,-0.10239382088184357,0.023657310754060745,0.10066760331392288,0.012285439297556877,0.02895776368677616,0.008827769197523594,-0.09627615660429001,-0.019208014011383057,-0.029796073213219643,0.011505858972668648,0.047495003789663315,0.3849235475063324,-0.054312482476234436,0.0015475061954930425,-0.057584937661886215,0.31070905923843384,-0.1328093707561493,0.0048972684890031815,0.05820884555578232,0.705578625202179,0.0978781208395958,0.0010722444858402014,-0.14514395594596863,0.6600257158279419,0.052419211715459824,0.0032638786360621452,0.03812835365533829,0.7358450293540955,0.11876969039440155,0.0016684391302987933,-0.14854438602924347,0.6898635029792786,0.034583188593387604,0.0029479546938091516,0.010747485794126987,0.7188647389411926,0.04661255702376366,0.001347340876236558,-0.14994391798973083,0.7057930827140808,-0.04223987087607384,0.0029586772434413433
0.03307963162660599,-0.5387477278709412,-0.34903794527053833,0.9972452521324158,0.05231441184878349,-0.5604602694511414,-0.33916914463043213,0.9945580363273621,0.05528109893202782,-0.5602561235427856,-0.326990008354187,0.9941275119781494,0.051431868225336075,-0.5605518221855164,-0.331245094537735,0.9951311349868774,0.028184521943330765,-0.5721974968910217,-0.3518146574497223,0.996942937374115,0.030932892113924026,-0.570050835609436,-0.36403918266296387,0.9976099729537964,0.0311049222946167,-0.5590261816978455,-0.34631699323654175,0.9980100393295288,0.11851037293672562,-0.5500848293304443,-0.2137901335954666,0.9969350695610046,-0.044272374361753464,-0.5311185121536255,-0.2249384969472885,0.9967136383056641,0.07226694375276566,-0.5290932059288025,-0.29094311594963074,0.994320809841156,0.026462124660611153,-0.5008170008659363,-0.31821906566619873,0.9956080913543701,0.1926923245191574,-0.3952706456184387,-0.06726633012294769,0.9869441390037537,-0.127402663230896,-0.4775034785270691,-0.03752518445253372,0.9836570024490356,0.25442996621131897,-0.22635963559150696,-0.08492214977741241,0.098198302090168,-0.2121453881263733,-0.22369970381259918,-0.04285808652639389,0.17492499947547913,0.23131678998470306,-0.0658273696899414,-0.06262554228305817,0.008989052847027779,-0.25117844343185425,-0.04576239734888077,-0.08921975642442703,0.012958706356585026,0.2252582460641861,-0.038125280290842056,-0.06504789739847183,0.015773063525557518,-0.22700245678424835,-0.015240587294101715,-0.11095728725194931,0.01658559963107109,0.19095781445503235,-0.051937732845544815,-0.06739243865013123,0.021641166880726814,-0.19466061890125275,-0.045722611248493195,-0.13243812322616577,0.025004424154758453,0.21868471801280975,-0.04845554381608963,-0.06754382699728012,0.018894854933023453,-0.2368217557668686,-0.04928289353847504,-0.10439346730709076,0.023545876145362854,0.10068627446889877,0.012319463305175304,0.029036957770586014,0.008757462725043297,-0.09629601240158081,-0.01923956349492073,-0.029866280034184456,0.011497234925627708,0.047643404453992844,0.38511931896209717,-0.053518589586019516,0.0015177265740931034,-0.05685298144817352,0.31078237295150757,-0.13295131921768188,0.0047929780557751656,0.05860793590545654,0.7057655453681946,0.10040376335382462,0.0010529806604608893,-0.1451287865638733,0.6608368158340454,0.04971998557448387,0.003169806906953454,0.03856370598077774,0.736013650894165,0.12152595072984695,0.0016346153570339084,-0.14851242303848267,0.6907985806465149,0.03153928741812706,0.002863906556740403,0.011387931182980537,0.7189905047416687,0.05019402131438255,0.0013092042645439506,-0.14995136857032776,0.7063238620758057,-0.04630086198449135,0.002857749816030264
0.03314244747161865,-0.5387651324272156,-0.34830546379089355,0.9973265528678894,0.05238178372383118,-0.560492992401123,-0.33826664090156555,0.9946855902671814,0.055357374250888824,-0.5602541565895081,-0.32618245482444763,0.9942538142204285,0.05149687081575394,-0.5605814456939697,-0.33039483428001404,0.9952280521392822,0.028208954259753227,-0.5721309185028076,-0.3510410189628601,0.9970207810401917,0.030970696359872818,-0.5700438022613525,-0.36326491832733154,0.9976651072502136,0.03114468604326248,-0.5589969754219055,-0.3455981910228729,0.9980577230453491,0.11856546998023987,-0.5501708388328552,-0.212725430727005,0.9969581961631775,-0.04431791976094246,-0.5310336351394653,-0.22407343983650208,0.9967522025108337,0.07233399152755737,-0.5291149616241455,-0.29011261463165283,0.994506299495697,0.02650468423962593,-0.5008125305175781,-0.31742212176322937,0.9957715272903442,0.19278979301452637,-0.39528143405914307,-0.06622956693172455,0.9875699877738953,-0.127302348613739,-0.4775013029575348,-0.037193186581134796,0.9845651984214783,0.25451821088790894,-0.2273607701063156,-0.08510810136795044,0.09588254243135452,-0.21212777495384216,-0.22444923222064972,-0.042900435626506805,0.17408648133277893,0.23189027607440948,-0.06871329247951508,-0.06437353044748306,0.008497161790728569,-0.2510570287704468,-0.04698578268289566,-0.08942630887031555,0.01276578288525343,0.22593247890472412,-0.04135983809828758,-0.0671892836689949,0.014859868213534355,-0.22685042023658752,-0.016354313120245934,-0.11128243803977966,0.016259554773569107,0.19176115095615387,-0.05538763478398323,-0.06955758482217789,0.020425621420145035,-0.19439034163951874,-0.04706774652004242,-0.13277427852153778,0.024525579065084457,0.21923892199993134,-0.05140808969736099,-0.06938458234071732,0.01791793294250965,-0.2366625964641571,-0.050520312041044235,-0.10464020073413849,0.023125799372792244,0.10074082016944885,0.012335125356912613,0.02933471091091633,0.008669387549161911,-0.09635452926158905,-0.019254134967923164,-0.030156996101140976,0.011454727500677109,0.04774180427193642,0.38499167561531067,-0.05308779701590538,0.001473704120144248,-0.05660434812307358,0.31074652075767517,-0.1337670534849167,0.004662022460252047,0.059341371059417725,0.7056448459625244,0.10089819878339767,0.0010241129202768207,-0.1447482854127884,0.6608402729034424,0.04665455222129822,0.003054727567359805,0.03942207992076874,0.7357683181762695,0.12199442833662033,0.0015881048748269677,-0.14803268015384674,0.6907804012298584,0.028308873996138573,0.002764272503554821,0.01296151801943779,0.7184064984321594,0.05079811438918114,0.0012622198555618525,-0.14891183376312256,0.7063143849372864,-0.04935697093605995,0.0027400690596550703
